0,1,AST,,,,,,0
1,2,AST,,,,,,0
1,8,AST,,,,,,1
2,3,AST,,,,,,0
2,6,AST,,,,,,1
3,4,AST,,,,,,0
3,5,AST,,,,,,1
6,7,AST,,,,,,0
8,9,AST,,,,,,0
8,10,CFG,,,,,,
9,37,AST,,,,,,0
10,11,CFG,,,,,,
10,11,PDG,$p1,Local,,,,
11,10,AST,,,,,,0
11,12,AST,,,,,,1
11,19,AST,,,,,,2
11,13,CFG,true,,,,,
11,40,CFG,false,,,,,
12,14,AST,,,,,,0
12,36,CFG,,,,,,
13,18,CFG,,,,,,
14,17,AST,,,,,,0
14,12,CFG,,,,,,
15,16,CFG,,,,,,
15,17,PDG,$p0,Local,,,,
16,17,CFG,,,,,,
16,17,PDG,i32.const 1,Const,i32,1,,
17,15,AST,,,,,,0
17,16,AST,,,,,,1
17,14,CFG,,,,,,
17,37,PDG,$p0,Local,,,,
18,15,CFG,,,,,,
19,25,AST,,,,,,0
20,23,AST,,,,,,0
20,25,CFG,,,,,,
21,22,CFG,,,,,,
21,23,PDG,$p0,Local,,,,
22,23,CFG,,,,,,
22,23,PDG,i32.const 2,Const,i32,2,,
23,21,AST,,,,,,0
23,22,AST,,,,,,1
23,20,CFG,,,,,,
23,25,PDG,$p0,Local,,,,
24,21,CFG,,,,,,
25,20,AST,,,,,,0
25,26,AST,,,,,,1
25,32,AST,,,,,,2
25,27,CFG,true,,,,,
25,39,CFG,false,,,,,
26,29,AST,,,,,,0
26,31,AST,,,,,,1
26,12,CFG,,,,,,
27,28,CFG,,,,,,
28,29,CFG,,,,,,
29,38,CFG,,,,,,
31,28,AST,,,,,,0
31,30,AST,,,,,,1
32,35,AST,,,,,,0
33,34,CFG,,,,,,
33,35,PDG,$p1,Local,,,,
34,35,CFG,,,,,,
34,35,PDG,i32.const 5,Const,i32,5,,
35,33,AST,,,,,,0
35,34,AST,,,,,,1
35,26,CFG,,,,,,
35,37,PDG,$p1,Local,,,,
36,37,CFG,,,,,,
36,37,PDG,i32.const 3,Const,i32,3,,
37,11,AST,,,,,,0
37,36,AST,,,,,,1
37,9,CFG,,,,,,
37,9,PDG,$p0,Local,,,,
37,9,PDG,$p1,Local,,,,
39,33,CFG,,,,,,
40,24,CFG,,,,,,
